Year,TotalSales,TotalQuantity,TotalMargin,MarginPct
2015,137776.28335206097,2630,52856.919878943154,0.38364309584311684
2016,1907898.3731273634,36230,731952.0384206278,0.38364309584311684
2017,2370438.0446800394,45314,909402.1899653549,0.38364309584311684
