Month,TotalQuantity,TotalSales
1,7446,386039.87765456556
2,7260,380449.4643005175
3,7791,407199.706631882
4,8174,427354.5371712042
5,8734,454346.36585303233
6,8784,464852.73802976223
7,2201,115281.71351305526
8,6236,324289.66169215064
9,6166,321568.58107587695
10,6610,349154.6082634848
11,6523,346562.1081643081
12,8249,439013.3388096243
