FullName,TotalQuantity,TotalSales
FERNANDO BARNES,106,5504.631399161977
JENNIFER SIMMONS,106,6132.310767409125
SAMANTHA JENKINS,102,5201.884480476856
ASHLEY HENDERSON,100,4263.122771271631
APRIL SHAN,99,5585.247493108623
RYAN THOMPSON,97,5061.966307441755
HENRY GARCIA,97,4973.254260054342
CHARLES JACKSON,97,5275.048048156242
DALTON PEREZ,97,5366.1519241926435
HAILEY PATTERSON,90,4902.798597242148
