ProductName,TotalQuantity,TotalSales
Water Bottle - 30 oz.,7967,420003.53242857597
Patch Kit/8 Patches,5898,307764.95622943295
Mountain Tire Tube,5678,295980.000693133
Road Tire Tube,4327,227830.0729195944
AWC Logo Cap,4151,216349.86260404997
Fender Set - Mountain,3960,207011.63481950737
Mountain Bottle Cage,3810,197846.1038618048
Road Bottle Cage,3329,172697.51386096224
Touring Tire Tube,2740,144408.6449270848
ML Mountain Tire,2119,113223.47679335008
